stratum,contrast,metric,difference,ci95_low,bootstrap_median,ci95_high,probability_difference_below_zero
all,centered_equal_cyclone_minus_equal_state,entropy_nats,0.009833204828137987,-0.004435944557189942,0.0038063526153564453,0.011558496952056883,0.208
all,centered_equal_cyclone_minus_equal_state,area50_km2,15000.0,-12500.0,2500.0,20000.0,0.29
all,centered_equal_cyclone_minus_equal_state,area75_km2,25000.0,-10000.0,12500.0,32500.0,0.104
all,centered_equal_cyclone_minus_equal_state,area90_km2,17500.0,-17500.0,7500.0,28812.49999999994,0.218
all,centered_equal_cyclone_minus_equal_state,rms_about_centroid_km,41.15944168472481,36.35627895820471,40.92271459437558,45.8024848394094,0.0
all,centered_equal_cyclone_minus_equal_state,centroid_x_km,-25.16818061481689,,,,
all,centered_equal_cyclone_minus_equal_state,centroid_y_km,-17.124103134644287,,,,
all,centered_equal_cyclone_minus_equal_state,centroid_distance_km,0.2209576118538905,,,,
all,centered_equal_cyclone_minus_equal_state,anisotropy_axis_ratio,-0.027299592448382315,,,,
all,motion_equal_cyclone_minus_equal_state,entropy_nats,0.011714915545385729,-0.002390885353088379,0.005237102508544922,0.013556075096130358,0.106
all,motion_equal_cyclone_minus_equal_state,area50_km2,25000.0,-7500.0,10000.0,27500.0,0.092
all,motion_equal_cyclone_minus_equal_state,area75_km2,7500.0,-27500.0,-5000.0,20000.0,0.578
all,motion_equal_cyclone_minus_equal_state,area90_km2,-2500.0,-30000.0,-10000.0,12500.0,0.752
all,motion_equal_cyclone_minus_equal_state,rms_about_centroid_km,41.683649177241364,37.1385646445168,41.49474783537602,46.27404115298455,0.0
all,motion_equal_cyclone_minus_equal_state,centroid_x_km,25.800503038685463,,,,
all,motion_equal_cyclone_minus_equal_state,centroid_y_km,-16.406659695555902,,,,
all,motion_equal_cyclone_minus_equal_state,centroid_distance_km,-4.015662816086149,,,,
all,motion_equal_cyclone_minus_equal_state,anisotropy_axis_ratio,0.013684212009483998,,,,
all,motion_minus_centered_equal_state,entropy_nats,-0.0022922844726087632,-0.010500907897949219,-0.0022268295288085938,0.005730056762695308,0.682
all,motion_minus_centered_equal_state,area50_km2,-32500.0,-45000.0,-32500.0,-15000.0,1.0
all,motion_minus_centered_equal_state,area75_km2,45000.0,17500.0,42500.0,67500.0,0.0
all,motion_minus_centered_equal_state,area90_km2,97500.0,65000.0,95000.0,123812.49999999994,0.0
all,motion_minus_centered_equal_state,rms_about_centroid_km,7.685776107276638,5.4465319927551805,7.740018315069165,9.766240241858588,0.0
all,motion_minus_centered_equal_state,centroid_x_km,-24.14310881178858,,,,
all,motion_minus_centered_equal_state,centroid_y_km,-327.94723359308756,,,,
all,motion_minus_centered_equal_state,centroid_distance_km,-25.34825902461057,,,,
all,motion_minus_centered_equal_state,anisotropy_axis_ratio,-0.015114352184420143,,,,
all,motion_minus_centered_equal_cyclone,entropy_nats,-0.00041057375536102114,-0.00883173942565918,-0.0006983280181884766,0.008473908901214598,0.546
all,motion_minus_centered_equal_cyclone,area50_km2,-22500.0,-42500.0,-22500.0,-5000.0,0.994
all,motion_minus_centered_equal_cyclone,area75_km2,27500.0,0.0,25000.0,52500.0,0.022
all,motion_minus_centered_equal_cyclone,area90_km2,77500.0,48687.5,77500.0,107500.0,0.0
all,motion_minus_centered_equal_cyclone,rms_about_centroid_km,8.20998359979319,5.57171566158209,8.27796710484074,11.066279327490356,0.0
all,motion_minus_centered_equal_cyclone,centroid_x_km,26.825574841713774,,,,
all,motion_minus_centered_equal_cyclone,centroid_y_km,-327.22979015399915,,,,
all,motion_minus_centered_equal_cyclone,centroid_distance_km,-29.58487945255061,,,,
all,motion_minus_centered_equal_cyclone,anisotropy_axis_ratio,0.02586945227344617,,,,
incipient,centered_equal_cyclone_minus_equal_state,entropy_nats,-0.011329526167603632,,,,
incipient,centered_equal_cyclone_minus_equal_state,area50_km2,-32500.0,,,,
incipient,centered_equal_cyclone_minus_equal_state,area75_km2,-10000.0,,,,
incipient,centered_equal_cyclone_minus_equal_state,area90_km2,-5000.0,,,,
incipient,centered_equal_cyclone_minus_equal_state,rms_about_centroid_km,12.90181131777706,,,,
incipient,centered_equal_cyclone_minus_equal_state,centroid_x_km,-9.595084038754464,,,,
incipient,centered_equal_cyclone_minus_equal_state,centroid_y_km,5.639609060400431,,,,
incipient,centered_equal_cyclone_minus_equal_state,centroid_distance_km,10.59068975138132,,,,
incipient,centered_equal_cyclone_minus_equal_state,anisotropy_axis_ratio,0.006616543421320564,,,,
incipient,motion_equal_cyclone_minus_equal_state,entropy_nats,-0.007438265017590595,,,,
incipient,motion_equal_cyclone_minus_equal_state,area50_km2,-17500.0,,,,
incipient,motion_equal_cyclone_minus_equal_state,area75_km2,-12500.0,,,,
incipient,motion_equal_cyclone_minus_equal_state,area90_km2,-7500.0,,,,
incipient,motion_equal_cyclone_minus_equal_state,rms_about_centroid_km,14.076786044044184,,,,
incipient,motion_equal_cyclone_minus_equal_state,centroid_x_km,-2.626456080350195,,,,
incipient,motion_equal_cyclone_minus_equal_state,centroid_y_km,-7.132201032070384,,,,
incipient,motion_equal_cyclone_minus_equal_state,centroid_distance_km,7.377397411961226,,,,
incipient,motion_equal_cyclone_minus_equal_state,anisotropy_axis_ratio,-0.012145548589578503,,,,
incipient,motion_minus_centered_equal_state,entropy_nats,0.029204873828712508,,,,
incipient,motion_minus_centered_equal_state,area50_km2,50000.0,,,,
incipient,motion_minus_centered_equal_state,area75_km2,92500.0,,,,
incipient,motion_minus_centered_equal_state,area90_km2,80000.0,,,,
incipient,motion_minus_centered_equal_state,rms_about_centroid_km,12.502225240130315,,,,
incipient,motion_minus_centered_equal_state,centroid_x_km,47.186756694660076,,,,
incipient,motion_minus_centered_equal_state,centroid_y_km,-382.8422701068199,,,,
incipient,motion_minus_centered_equal_state,centroid_distance_km,-39.14065430462239,,,,
incipient,motion_minus_centered_equal_state,anisotropy_axis_ratio,0.025102973489335545,,,,
incipient,motion_minus_centered_equal_cyclone,entropy_nats,0.033096134978725544,,,,
incipient,motion_minus_centered_equal_cyclone,area50_km2,65000.0,,,,
incipient,motion_minus_centered_equal_cyclone,area75_km2,90000.0,,,,
incipient,motion_minus_centered_equal_cyclone,area90_km2,77500.0,,,,
incipient,motion_minus_centered_equal_cyclone,rms_about_centroid_km,13.677199966397438,,,,
incipient,motion_minus_centered_equal_cyclone,centroid_x_km,54.155384653064345,,,,
incipient,motion_minus_centered_equal_cyclone,centroid_y_km,-395.61408019929075,,,,
incipient,motion_minus_centered_equal_cyclone,centroid_distance_km,-42.35394664404248,,,,
incipient,motion_minus_centered_equal_cyclone,anisotropy_axis_ratio,0.0063408814784364775,,,,
intensification,centered_equal_cyclone_minus_equal_state,entropy_nats,0.023909625626982844,,,,
intensification,centered_equal_cyclone_minus_equal_state,area50_km2,32500.0,,,,
intensification,centered_equal_cyclone_minus_equal_state,area75_km2,55000.0,,,,
intensification,centered_equal_cyclone_minus_equal_state,area90_km2,50000.0,,,,
intensification,centered_equal_cyclone_minus_equal_state,rms_about_centroid_km,35.62268929755885,,,,
intensification,centered_equal_cyclone_minus_equal_state,centroid_x_km,-27.8688434860442,,,,
intensification,centered_equal_cyclone_minus_equal_state,centroid_y_km,-13.572504949655297,,,,
intensification,centered_equal_cyclone_minus_equal_state,centroid_distance_km,2.4892828880606714,,,,
intensification,centered_equal_cyclone_minus_equal_state,anisotropy_axis_ratio,-0.019279194709085568,,,,
intensification,motion_equal_cyclone_minus_equal_state,entropy_nats,0.030355050375058923,,,,
intensification,motion_equal_cyclone_minus_equal_state,area50_km2,47500.0,,,,
intensification,motion_equal_cyclone_minus_equal_state,area75_km2,60000.0,,,,
intensification,motion_equal_cyclone_minus_equal_state,area90_km2,62500.0,,,,
intensification,motion_equal_cyclone_minus_equal_state,rms_about_centroid_km,37.97372025832635,,,,
intensification,motion_equal_cyclone_minus_equal_state,centroid_x_km,24.227318331127634,,,,
intensification,motion_equal_cyclone_minus_equal_state,centroid_y_km,-13.771426090881391,,,,
intensification,motion_equal_cyclone_minus_equal_state,centroid_distance_km,-5.833476287794525,,,,
intensification,motion_equal_cyclone_minus_equal_state,anisotropy_axis_ratio,0.0006462787212659915,,,,
intensification,motion_minus_centered_equal_state,entropy_nats,-0.014259713443564692,,,,
intensification,motion_minus_centered_equal_state,area50_km2,-47500.0,,,,
intensification,motion_minus_centered_equal_state,area75_km2,-10000.0,,,,
intensification,motion_minus_centered_equal_state,area90_km2,57500.0,,,,
intensification,motion_minus_centered_equal_state,rms_about_centroid_km,2.367371303425216,,,,
intensification,motion_minus_centered_equal_state,centroid_x_km,-53.44912689405791,,,,
intensification,motion_minus_centered_equal_state,centroid_y_km,-348.26203887271777,,,,
intensification,motion_minus_centered_equal_state,centroid_distance_km,-7.0207971781203184,,,,
intensification,motion_minus_centered_equal_state,anisotropy_axis_ratio,0.008699994750465567,,,,
intensification,motion_minus_centered_equal_cyclone,entropy_nats,-0.007814288695488614,,,,
intensification,motion_minus_centered_equal_cyclone,area50_km2,-32500.0,,,,
intensification,motion_minus_centered_equal_cyclone,area75_km2,-5000.0,,,,
intensification,motion_minus_centered_equal_cyclone,area90_km2,70000.0,,,,
intensification,motion_minus_centered_equal_cyclone,rms_about_centroid_km,4.718402264192719,,,,
intensification,motion_minus_centered_equal_cyclone,centroid_x_km,-1.352965076886079,,,,
intensification,motion_minus_centered_equal_cyclone,centroid_y_km,-348.46096001394386,,,,
intensification,motion_minus_centered_equal_cyclone,centroid_distance_km,-15.343556353975515,,,,
intensification,motion_minus_centered_equal_cyclone,anisotropy_axis_ratio,0.028625468180817126,,,,
mature,centered_equal_cyclone_minus_equal_state,entropy_nats,0.0029418282862865297,,,,
mature,centered_equal_cyclone_minus_equal_state,area50_km2,-7500.0,,,,
mature,centered_equal_cyclone_minus_equal_state,area75_km2,17500.0,,,,
mature,centered_equal_cyclone_minus_equal_state,area90_km2,32500.0,,,,
mature,centered_equal_cyclone_minus_equal_state,rms_about_centroid_km,13.51064211546202,,,,
mature,centered_equal_cyclone_minus_equal_state,centroid_x_km,13.80267916545047,,,,
mature,centered_equal_cyclone_minus_equal_state,centroid_y_km,-5.91318945436953,,,,
mature,centered_equal_cyclone_minus_equal_state,centroid_distance_km,-11.56079628388784,,,,
mature,centered_equal_cyclone_minus_equal_state,anisotropy_axis_ratio,-0.0026519576066161843,,,,
mature,motion_equal_cyclone_minus_equal_state,entropy_nats,-0.0072424374201833785,,,,
mature,motion_equal_cyclone_minus_equal_state,area50_km2,-12500.0,,,,
mature,motion_equal_cyclone_minus_equal_state,area75_km2,5000.0,,,,
mature,motion_equal_cyclone_minus_equal_state,area90_km2,20000.0,,,,
mature,motion_equal_cyclone_minus_equal_state,rms_about_centroid_km,12.188924477108912,,,,
mature,motion_equal_cyclone_minus_equal_state,centroid_x_km,-0.9592680991146096,,,,
mature,motion_equal_cyclone_minus_equal_state,centroid_y_km,13.317058011495902,,,,
mature,motion_equal_cyclone_minus_equal_state,centroid_distance_km,-8.588948725465684,,,,
mature,motion_equal_cyclone_minus_equal_state,anisotropy_axis_ratio,0.003937285174418825,,,,
mature,motion_minus_centered_equal_state,entropy_nats,0.0073014897864718264,,,,
mature,motion_minus_centered_equal_state,area50_km2,-10000.0,,,,
mature,motion_minus_centered_equal_state,area75_km2,-7500.0,,,,
mature,motion_minus_centered_equal_state,area90_km2,52500.0,,,,
mature,motion_minus_centered_equal_state,rms_about_centroid_km,3.597117056356865,,,,
mature,motion_minus_centered_equal_state,centroid_x_km,-44.66001520222544,,,,
mature,motion_minus_centered_equal_state,centroid_y_km,-356.3253007600996,,,,
mature,motion_minus_centered_equal_state,centroid_distance_km,-9.632047804630531,,,,
mature,motion_minus_centered_equal_state,anisotropy_axis_ratio,-0.07570775354147696,,,,
mature,motion_minus_centered_equal_cyclone,entropy_nats,-0.002882775919998082,,,,
mature,motion_minus_centered_equal_cyclone,area50_km2,-15000.0,,,,
mature,motion_minus_centered_equal_cyclone,area75_km2,-20000.0,,,,
mature,motion_minus_centered_equal_cyclone,area90_km2,40000.0,,,,
mature,motion_minus_centered_equal_cyclone,rms_about_centroid_km,2.275399418003758,,,,
mature,motion_minus_centered_equal_cyclone,centroid_x_km,-59.42196246679052,,,,
mature,motion_minus_centered_equal_cyclone,centroid_y_km,-337.09505329423416,,,,
mature,motion_minus_centered_equal_cyclone,centroid_distance_km,-6.660200246208376,,,,
mature,motion_minus_centered_equal_cyclone,anisotropy_axis_ratio,-0.06911851076044195,,,,
decay,centered_equal_cyclone_minus_equal_state,entropy_nats,-0.029053256498634106,,,,
decay,centered_equal_cyclone_minus_equal_state,area50_km2,-57500.0,,,,
decay,centered_equal_cyclone_minus_equal_state,area75_km2,-80000.0,,,,
decay,centered_equal_cyclone_minus_equal_state,area90_km2,-65000.0,,,,
decay,centered_equal_cyclone_minus_equal_state,rms_about_centroid_km,26.248611518835446,,,,
decay,centered_equal_cyclone_minus_equal_state,centroid_x_km,-36.21841713053904,,,,
decay,centered_equal_cyclone_minus_equal_state,centroid_y_km,-8.563114961619647,,,,
decay,centered_equal_cyclone_minus_equal_state,centroid_distance_km,14.477176702301932,,,,
decay,centered_equal_cyclone_minus_equal_state,anisotropy_axis_ratio,0.0024114302322899572,,,,
decay,motion_equal_cyclone_minus_equal_state,entropy_nats,-0.021365530142126943,,,,
decay,motion_equal_cyclone_minus_equal_state,area50_km2,-37500.0,,,,
decay,motion_equal_cyclone_minus_equal_state,area75_km2,-95000.0,,,,
decay,motion_equal_cyclone_minus_equal_state,area90_km2,-92500.0,,,,
decay,motion_equal_cyclone_minus_equal_state,rms_about_centroid_km,28.026186520781494,,,,
decay,motion_equal_cyclone_minus_equal_state,centroid_x_km,21.22268022670721,,,,
decay,motion_equal_cyclone_minus_equal_state,centroid_y_km,-32.12476956456493,,,,
decay,motion_equal_cyclone_minus_equal_state,centroid_distance_km,8.388351311430227,,,,
decay,motion_equal_cyclone_minus_equal_state,anisotropy_axis_ratio,-1.1646272084053777e-05,,,,
decay,motion_minus_centered_equal_state,entropy_nats,-0.009530459451382534,,,,
decay,motion_minus_centered_equal_state,area50_km2,-35000.0,,,,
decay,motion_minus_centered_equal_state,area75_km2,35000.0,,,,
decay,motion_minus_centered_equal_state,area90_km2,100000.0,,,,
decay,motion_minus_centered_equal_state,rms_about_centroid_km,12.483997018116611,,,,
decay,motion_minus_centered_equal_state,centroid_x_km,-14.16455899050787,,,,
decay,motion_minus_centered_equal_state,centroid_y_km,-272.95730428309366,,,,
decay,motion_minus_centered_equal_state,centroid_distance_km,-48.42939759115512,,,,
decay,motion_minus_centered_equal_state,anisotropy_axis_ratio,0.011793156449737996,,,,
decay,motion_minus_centered_equal_cyclone,entropy_nats,-0.0018427330948753706,,,,
decay,motion_minus_centered_equal_cyclone,area50_km2,-15000.0,,,,
decay,motion_minus_centered_equal_cyclone,area75_km2,20000.0,,,,
decay,motion_minus_centered_equal_cyclone,area90_km2,72500.0,,,,
decay,motion_minus_centered_equal_cyclone,rms_about_centroid_km,14.261572020062658,,,,
decay,motion_minus_centered_equal_cyclone,centroid_x_km,43.27653836673838,,,,
decay,motion_minus_centered_equal_cyclone,centroid_y_km,-296.51895888603894,,,,
decay,motion_minus_centered_equal_cyclone,centroid_distance_km,-54.51822298202683,,,,
decay,motion_minus_centered_equal_cyclone,anisotropy_axis_ratio,0.009370079945363985,,,,
